Date,Open,High,Low,Close,AdjClose,Volume
2-Jan-14,"1,940.00","1,970.00","1,930.00","1,960.00","1,649.08","33,065,000"
3-Jan-14,"1,940.00","1,950.00","1,870.00","1,900.00","1,598.60","71,912,500"
6-Jan-14,"1,880.00","1,900.00","1,860.00","1,870.00","1,573.36","58,190,000"
7-Jan-14,"1,870.00","1,890.00","1,865.00","1,875.00","1,577.56","36,152,000"
8-Jan-14,"1,880.00","1,890.00","1,850.00","1,865.00","1,569.15","55,877,500"
9-Jan-14,"1,860.00","1,885.00","1,855.00","1,880.00","1,581.77","97,317,500"
10-Jan-14,"1,880.00","1,890.00","1,865.00","1,880.00","1,581.77","120,076,000"
13-Jan-14,"1,890.00","1,970.00","1,890.00","1,960.00","1,649.08","196,030,500"
15-Jan-14,"1,970.00","2,040.00","1,965.00","1,990.00","1,674.32","132,835,000"
16-Jan-14,"2,010.00","2,015.00","1,980.00","2,000.00","1,682.73","45,956,000"
17-Jan-14,"2,000.00","2,005.00","1,980.00","1,980.00","1,665.91","31,507,500"
20-Jan-14,"2,000.00","2,000.00","1,950.00","1,965.00","1,653.28","39,292,500"
21-Jan-14,"1,955.00","1,985.00","1,955.00","1,970.00","1,657.49","28,476,000"
22-Jan-14,"1,965.00","1,980.00","1,945.00","1,980.00","1,665.91","100,006,500"
23-Jan-14,"2,000.00","2,050.00","1,980.00","2,040.00","1,716.39","160,911,500"
24-Jan-14,"2,035.00","2,050.00","1,995.00","2,035.00","1,712.18","90,143,000"
27-Jan-14,"1,990.00","1,990.00","1,930.00","1,960.00","1,649.08","106,837,500"
28-Jan-14,"1,960.00","2,010.00","1,950.00","2,000.00","1,682.73","77,513,500"
29-Jan-14,"2,010.00","2,070.00","2,000.00","2,000.00","1,682.73","144,919,000"
30-Jan-14,"1,970.00","1,990.00","1,965.00","1,985.00","1,670.11","81,985,500"
3-Feb-14,"1,980.00","2,000.00","1,965.00","1,965.00","1,653.28","55,407,000"
4-Feb-14,"1,970.00","1,980.00","1,940.00","1,970.00","1,657.49","83,683,500"
5-Feb-14,"1,980.00","1,990.00","1,965.00","1,990.00","1,674.32","42,715,000"
6-Feb-14,"1,975.00","2,030.00","1,970.00","2,030.00","1,707.97","63,581,000"
7-Feb-14,"2,050.00","2,060.00","2,035.00","2,050.00","1,724.80","104,825,500"
10-Feb-14,"2,060.00","2,075.00","1,995.00","2,010.00","1,691.15","61,835,500"
11-Feb-14,"2,020.00","2,060.00","2,015.00","2,030.00","1,707.97","71,441,500"
12-Feb-14,"2,050.00","2,070.00","2,035.00","2,060.00","1,733.21","112,510,500"
13-Feb-14,"2,070.00","2,080.00","2,040.00","2,050.00","1,724.80","58,160,500"
14-Feb-14,"2,080.00","2,080.00","2,065.00","2,075.00","1,745.83","77,919,000"
17-Feb-14,"2,095.00","2,110.00","2,085.00","2,095.00","1,762.66","97,666,500"
18-Feb-14,"2,095.00","2,095.00","2,080.00","2,080.00","1,750.04","47,891,500"
19-Feb-14,"2,080.00","2,090.00","2,030.00","2,050.00","1,724.80","78,352,000"
20-Feb-14,"2,045.00","2,080.00","2,040.00","2,080.00","1,750.04","82,013,000"
21-Feb-14,"2,100.00","2,105.00","2,085.00","2,090.00","1,758.46","64,951,500"
24-Feb-14,"2,095.00","2,100.00","2,065.00","2,080.00","1,750.04","37,548,000"
25-Feb-14,"2,080.00","2,090.00","2,065.00","2,075.00","1,745.83","58,889,000"
26-Feb-14,"2,080.00","2,080.00","2,035.00","2,055.00","1,729.01","76,855,000"
27-Feb-14,"2,055.00","2,065.00","2,035.00","2,060.00","1,733.21","66,554,500"
28-Feb-14,"2,060.00","2,065.00","2,030.00","2,045.00","1,720.59","120,073,000"
3-Mar-14,"2,040.00","2,065.00","2,030.00","2,055.00","1,729.01","86,498,000"
4-Mar-14,"2,050.00","2,105.00","2,050.00","2,095.00","1,762.66","96,861,000"
5-Mar-14,"2,105.00","2,115.00","2,095.00","2,110.00","1,775.28","76,239,000"
6-Mar-14,"2,120.00","2,130.00","2,110.00","2,115.00","1,779.49","96,116,500"
7-Mar-14,"2,120.00","2,135.00","2,110.00","2,120.00","1,783.70","90,006,500"
10-Mar-14,"2,120.00","2,120.00","2,085.00","2,100.00","1,766.87","67,316,500"
11-Mar-14,"2,095.00","2,110.00","2,070.00","2,080.00","1,750.04","80,642,000"
12-Mar-14,"2,075.00","2,080.00","2,065.00","2,070.00","1,741.63","71,547,000"
13-Mar-14,"2,090.00","2,090.00","2,065.00","2,075.00","1,745.83","41,286,500"
14-Mar-14,"2,065.00","2,225.00","2,050.00","2,215.00","1,863.63","198,642,500"
17-Mar-14,"2,215.00","2,215.00","2,150.00","2,190.00","1,842.59","137,724,000"
18-Mar-14,"2,200.00","2,200.00","2,140.00","2,160.00","1,817.35","112,634,000"
19-Mar-14,"2,160.00","2,180.00","2,115.00","2,140.00","1,800.52","66,348,000"
20-Mar-14,"2,120.00","2,120.00","2,070.00","2,085.00","1,754.25","120,952,000"
21-Mar-14,"2,085.00","2,100.00","2,040.00","2,065.00","1,737.42","127,408,500"
24-Mar-14,"2,065.00","2,070.00","2,050.00","2,055.00","1,729.01","70,342,000"
25-Mar-14,"2,065.00","2,065.00","2,050.00","2,060.00","1,733.21","32,775,000"
26-Mar-14,"2,075.00","2,085.00","2,070.00","2,075.00","1,745.83","73,571,500"
27-Mar-14,"2,090.00","2,120.00","2,070.00","2,070.00","1,741.63","104,411,000"
28-Mar-14,"2,100.00","2,130.00","2,090.00","2,120.00","1,783.70","126,387,500"
1-Apr-14,"2,140.00","2,220.00","2,140.00","2,190.00","1,842.59","207,948,500"
2-Apr-14,"2,190.00","2,195.00","2,170.00","2,180.00","1,834.18","110,242,500"
3-Apr-14,"2,190.00","2,190.00","2,180.00","2,190.00","1,842.59","51,530,500"
4-Apr-14,"2,205.00","2,205.00","2,155.00","2,170.00","1,825.76","63,947,000"
7-Apr-14,"2,180.00","2,220.00","2,170.00","2,180.00","1,834.18","130,536,000"
8-Apr-14,"2,175.00","2,195.00","2,170.00","2,190.00","1,842.59","121,323,000"
9-Apr-14,"2,190.00","2,190.00","2,190.00","2,190.00","1,842.59",-
10-Apr-14,"2,085.00","2,180.00","2,085.00","2,180.00","1,834.18","208,691,000"
11-Apr-14,"2,160.00","2,225.00","2,145.00","2,220.00","1,867.83","150,497,500"
14-Apr-14,"2,210.00","2,250.00","2,200.00","2,250.00","1,893.07","75,612,000"
15-Apr-14,"2,205.00","2,245.00","2,200.00","2,220.00","1,867.83","44,675,500"
16-Apr-14,"2,210.00","2,235.00","2,205.00","2,210.00","1,859.42","91,011,500"
17-Apr-14,"2,220.00","2,240.00","2,220.00","2,240.00","1,884.66","64,706,500"
21-Apr-14,"2,240.00","2,245.00","2,230.00","2,235.00","1,880.45","25,826,500"
22-Apr-14,"2,190.00","2,215.00","2,180.00","2,210.00","1,859.42","113,037,000"
23-Apr-14,"2,180.00","2,215.00","2,180.00","2,210.00","1,859.42","65,790,500"
24-Apr-14,"2,210.00","2,210.00","2,190.00","2,200.00","1,851.01","41,550,000"
25-Apr-14,"2,200.00","2,210.00","2,200.00","2,200.00","1,851.01","43,241,000"
28-Apr-14,"2,205.00","2,245.00","2,120.00","2,120.00","1,783.70","56,595,500"
29-Apr-14,"2,180.00","2,210.00","2,180.00","2,200.00","1,851.01","85,302,500"
30-Apr-14,15.00 Dividend,,,,,
30-Apr-14,"2,200.00","2,205.00","2,190.00","2,200.00","1,863.71","91,065,500"
2-May-14,"2,220.00","2,275.00","2,195.00","2,195.00","1,859.48","56,020,500"
5-May-14,"2,195.00","2,200.00","2,195.00","2,195.00","1,859.48","15,491,000"
6-May-14,"2,200.00","2,225.00","2,195.00","2,200.00","1,863.71","16,333,000"
7-May-14,"2,200.00","2,220.00","2,190.00","2,200.00","1,863.71","35,320,000"
8-May-14,"2,235.00","2,240.00","2,190.00","2,210.00","1,872.18","30,284,000"
9-May-14,"2,190.00","2,240.00","2,190.00","2,240.00","1,897.60","33,977,000"
12-May-14,"2,240.00","2,240.00","2,210.00","2,240.00","1,897.60","59,734,500"
13-May-14,"2,240.00","2,255.00","2,220.00","2,240.00","1,897.60","40,691,000"
14-May-14,"2,260.00","2,300.00","2,240.00","2,270.00","1,923.01","104,184,500"
16-May-14,"2,225.00","2,295.00","2,225.00","2,270.00","1,923.01","109,104,000"
19-May-14,"2,270.00","2,305.00","2,250.00","2,270.00","1,923.01","119,587,500"
20-May-14,"2,230.00","2,275.00","2,205.00","2,230.00","1,889.13","101,861,000"
21-May-14,"2,235.00","2,255.00","2,210.00","2,235.00","1,893.36","64,016,000"
22-May-14,"2,285.00","2,285.00","2,220.00","2,285.00","1,935.72","79,345,000"
23-May-14,"2,275.00","2,285.00","2,250.00","2,275.00","1,927.25","45,565,000"
26-May-14,"2,260.00","2,280.00","2,250.00","2,260.00","1,914.54","23,381,500"
28-May-14,"2,255.00","2,280.00","2,250.00","2,255.00","1,910.31","40,749,000"
30-May-14,"2,155.00","2,265.00","2,155.00","2,155.00","1,825.59","167,224,000"
2-Jun-14,"2,230.00","2,230.00","2,195.00","2,230.00","1,889.13","64,835,500"
3-Jun-14,"2,250.00","2,280.00","2,205.00","2,250.00","1,906.07","81,122,000"
4-Jun-14,"2,210.00","2,240.00","2,205.00","2,210.00","1,872.18","35,102,000"
5-Jun-14,"2,215.00","2,215.00","2,200.00","2,210.00","1,872.18","25,373,000"
6-Jun-14,"2,210.00","2,220.00","2,200.00","2,210.00","1,872.18","32,177,500"
9-Jun-14,"2,215.00","2,220.00","2,195.00","2,215.00","1,876.42","99,228,000"
10-Jun-14,"2,250.00","2,250.00","2,205.00","2,250.00","1,906.07","45,216,000"
11-Jun-14,"2,250.00","2,250.00","2,215.00","2,250.00","1,906.07","41,013,000"
12-Jun-14,"2,240.00","2,250.00","2,205.00","2,240.00","1,897.60","34,239,500"
13-Jun-14,"2,215.00","2,245.00","2,210.00","2,215.00","1,876.42","40,222,500"
16-Jun-14,"2,205.00","2,225.00","2,190.00","2,205.00","1,867.95","51,139,500"
17-Jun-14,"2,215.00","2,215.00","2,180.00","2,215.00","1,876.42","73,381,000"
18-Jun-14,"2,205.00","2,210.00","2,200.00","2,205.00","1,867.95","75,782,500"
19-Jun-14,"2,210.00","2,215.00","2,195.00","2,210.00","1,872.18","41,139,000"
20-Jun-14,"2,180.00","2,230.00","2,165.00","2,180.00","1,846.77","66,914,500"
23-Jun-14,"2,200.00","2,210.00","2,190.00","2,200.00","1,863.71","33,760,000"
24-Jun-14,"2,190.00","2,210.00","2,190.00","2,190.00","1,855.24","28,983,500"
25-Jun-14,"2,140.00","2,200.00","2,140.00","2,140.00","1,812.88","21,102,000"
26-Jun-14,"2,200.00","2,200.00","2,175.00","2,200.00","1,863.71","62,898,500"
27-Jun-14,"2,165.00","2,190.00","2,165.00","2,165.00","1,834.06","93,469,500"
30-Jun-14,"2,200.00","2,200.00","2,150.00","2,200.00","1,863.71","50,699,500"
1-Jul-14,"2,200.00","2,200.00","2,175.00","2,200.00","1,863.71","53,438,500"
2-Jul-14,"2,215.00","2,215.00","2,190.00","2,215.00","1,876.42","31,442,000"
3-Jul-14,"2,195.00","2,215.00","2,195.00","2,195.00","1,859.48","25,151,000"
4-Jul-14,"2,220.00","2,240.00","2,195.00","2,220.00","1,880.66","55,804,000"
7-Jul-14,"2,255.00","2,260.00","2,235.00","2,255.00","1,910.31","71,875,000"
8-Jul-14,"2,260.00","2,290.00","2,245.00","2,260.00","1,914.54","68,302,000"
9-Jul-14,"2,260.00","2,260.00","2,260.00","2,260.00","1,914.54",-
10-Jul-14,"2,295.00","2,335.00","2,285.00","2,295.00","1,944.19","307,891,500"
11-Jul-14,"2,260.00","2,300.00","2,225.00","2,260.00","1,914.54","81,939,000"
14-Jul-14,"2,260.00","2,285.00","2,245.00","2,260.00","1,914.54","53,238,500"
15-Jul-14,"2,280.00","2,295.00","2,260.00","2,280.00","1,931.48","71,305,500"
16-Jul-14,"2,330.00","2,360.00","2,300.00","2,330.00","1,973.84","169,153,000"
17-Jul-14,"2,330.00","2,360.00","2,285.00","2,330.00","1,973.84","73,349,500"
18-Jul-14,"2,330.00","2,350.00","2,300.00","2,330.00","1,973.84","106,019,500"
21-Jul-14,"2,330.00","2,345.00","2,325.00","2,330.00","1,973.84","61,900,500"
22-Jul-14,"2,335.00","2,350.00","2,315.00","2,335.00","1,978.08","94,294,000"
23-Jul-14,"2,325.00","2,345.00","2,310.00","2,325.00","1,969.61","36,247,000"
24-Jul-14,"2,330.00","2,345.00","2,315.00","2,330.00","1,973.84","71,035,000"
25-Jul-14,"2,320.00","2,330.00","2,300.00","2,320.00","1,965.37","70,788,500"
4-Aug-14,"2,345.00","2,345.00","2,190.00","2,345.00","1,986.55","120,248,500"
5-Aug-14,"2,350.00","2,350.00","2,340.00","2,350.00","1,990.78","39,322,000"
6-Aug-14,"2,350.00","2,350.00","2,315.00","2,350.00","1,990.78","38,810,000"
7-Aug-14,"2,320.00","2,345.00","2,310.00","2,320.00","1,965.37","40,512,500"
8-Aug-14,"2,325.00","2,335.00","2,320.00","2,325.00","1,969.61","27,918,500"
11-Aug-14,"2,340.00","2,365.00","2,330.00","2,340.00","1,982.31","27,767,500"
12-Aug-14,"2,340.00","2,360.00","2,335.00","2,340.00","1,982.31","26,468,500"
13-Aug-14,"2,350.00","2,355.00","2,325.00","2,350.00","1,990.78","51,492,000"
14-Aug-14,"2,350.00","2,360.00","2,340.00","2,350.00","1,990.78","35,854,500"
15-Aug-14,"2,360.00","2,360.00","2,345.00","2,360.00","1,999.26","29,399,500"
18-Aug-14,"2,355.00","2,360.00","2,345.00","2,355.00","1,995.02","31,281,500"
19-Aug-14,"2,335.00","2,370.00","2,335.00","2,335.00","1,978.08","39,867,000"
20-Aug-14,"2,355.00","2,355.00","2,335.00","2,355.00","1,995.02","34,300,500"
21-Aug-14,"2,360.00","2,360.00","2,340.00","2,360.00","1,999.26","30,454,000"
22-Aug-14,"2,360.00","2,370.00","2,340.00","2,360.00","1,999.26","34,615,000"
25-Aug-14,"2,355.00","2,365.00","2,350.00","2,355.00","1,995.02","33,482,500"
26-Aug-14,"2,360.00","2,365.00","2,340.00","2,360.00","1,999.26","58,021,500"
27-Aug-14,"2,370.00","2,370.00","2,335.00","2,370.00","2,007.73","56,590,500"
28-Aug-14,"2,370.00","2,370.00","2,345.00","2,370.00","2,007.73","64,730,500"
29-Aug-14,"2,240.00","2,370.00","2,240.00","2,240.00","1,897.60","84,465,500"
1-Sep-14,"2,340.00","2,345.00","2,325.00","2,340.00","1,982.31","53,283,000"
2-Sep-14,"2,340.00","2,360.00","2,340.00","2,340.00","1,982.31","44,688,000"
3-Sep-14,"2,340.00","2,360.00","2,340.00","2,340.00","1,982.31","29,420,500"
4-Sep-14,"2,360.00","2,360.00","2,345.00","2,360.00","1,999.26","37,696,000"
5-Sep-14,"2,420.00","2,420.00","2,350.00","2,420.00","2,050.08","66,048,000"
8-Sep-14,"2,455.00","2,475.00","2,410.00","2,455.00","2,079.73","108,762,500"
9-Sep-14,"2,505.00","2,515.00","2,460.00","2,505.00","2,122.09","97,355,000"
10-Sep-14,"2,470.00","2,510.00","2,430.00","2,470.00","2,092.44","75,900,500"
11-Sep-14,"2,440.00","2,485.00","2,440.00","2,440.00","2,067.03","47,693,500"
12-Sep-14,"2,410.00","2,445.00","2,405.00","2,410.00","2,041.61","108,570,500"
15-Sep-14,"2,405.00","2,420.00","2,380.00","2,405.00","2,037.38","42,618,500"
16-Sep-14,"2,390.00","2,415.00","2,390.00","2,390.00","2,024.67","58,327,500"
17-Sep-14,"2,450.00","2,460.00","2,405.00","2,450.00","2,075.50","60,281,000"
18-Sep-14,"2,510.00","2,515.00","2,450.00","2,510.00","2,126.33","67,597,000"
19-Sep-14,"2,520.00","2,545.00","2,500.00","2,520.00","2,134.80","117,897,500"
22-Sep-14,"2,560.00","2,560.00","2,510.00","2,560.00","2,168.68","55,171,500"
23-Sep-14,"2,530.00","2,555.00","2,525.00","2,530.00","2,143.27","37,956,500"
24-Sep-14,"2,495.00","2,540.00","2,495.00","2,495.00","2,113.62","40,181,500"
25-Sep-14,"2,575.00","2,585.00","2,500.00","2,575.00","2,181.39","91,340,000"
26-Sep-14,"2,560.00","2,570.00","2,525.00","2,560.00","2,168.68","78,450,000"
29-Sep-14,"2,615.00","2,615.00","2,560.00","2,615.00","2,215.28","56,664,500"
30-Sep-14,"2,615.00","2,625.00","2,545.00","2,615.00","2,215.28","120,284,000"
1-Oct-14,"2,605.00","2,715.00","2,605.00","2,605.00","2,206.81","55,827,500"
2-Oct-14,"2,480.00","2,580.00","2,470.00","2,480.00","2,100.91","151,528,500"
3-Oct-14,"2,425.00","2,510.00","2,415.00","2,425.00","2,054.32","69,873,000"
6-Oct-14,"2,460.00","2,475.00","2,410.00","2,460.00","2,083.97","36,362,500"
7-Oct-14,"2,495.00","2,510.00","2,445.00","2,495.00","2,113.62","64,333,500"
8-Oct-14,"2,500.00","2,520.00","2,445.00","2,500.00","2,117.85","69,397,500"
9-Oct-14,"2,550.00","2,575.00","2,510.00","2,550.00","2,160.21","80,639,000"
10-Oct-14,"2,560.00","2,590.00","2,520.00","2,560.00","2,168.68","76,848,000"
13-Oct-14,"2,520.00","2,560.00","2,520.00","2,520.00","2,134.80","54,695,000"
14-Oct-14,"2,525.00","2,550.00","2,500.00","2,525.00","2,139.03","43,902,500"
15-Oct-14,"2,535.00","2,570.00","2,525.00","2,535.00","2,147.50","42,555,500"
16-Oct-14,"2,520.00","2,550.00","2,520.00","2,520.00","2,134.80","46,722,000"
17-Oct-14,"2,515.00","2,570.00","2,500.00","2,515.00","2,130.56","77,883,000"
20-Oct-14,"2,525.00","2,565.00","2,525.00","2,525.00","2,139.03","47,758,000"
21-Oct-14,"2,550.00","2,565.00","2,525.00","2,550.00","2,160.21","51,469,500"
22-Oct-14,"2,605.00","2,615.00","2,555.00","2,605.00","2,206.81","70,014,000"
23-Oct-14,"2,655.00","2,660.00","2,610.00","2,655.00","2,249.16","89,350,000"
24-Oct-14,"2,665.00","2,715.00","2,620.00","2,665.00","2,257.63","56,123,500"
27-Oct-14,"2,635.00","2,690.00","2,635.00","2,635.00","2,232.22","40,672,000"
28-Oct-14,"2,665.00","2,680.00","2,645.00","2,665.00","2,257.63","25,416,000"
29-Oct-14,"2,675.00","2,680.00","2,650.00","2,675.00","2,266.11","48,666,500"
30-Oct-14,"2,600.00","2,640.00","2,595.00","2,600.00","2,202.57","65,087,000"
31-Oct-14,"2,610.00","2,645.00","2,565.00","2,610.00","2,211.04","86,931,000"
3-Nov-14,"2,615.00","2,630.00","2,590.00","2,615.00","2,215.28","45,283,500"
4-Nov-14,"2,605.00","2,610.00","2,585.00","2,605.00","2,206.81","47,220,500"
5-Nov-14,"2,620.00","2,625.00","2,605.00","2,620.00","2,219.51","35,484,000"
6-Nov-14,"2,595.00","2,620.00","2,590.00","2,595.00","2,198.33","51,025,500"
7-Nov-14,"2,540.00","2,600.00","2,520.00","2,540.00","2,151.74","72,696,000"
10-Nov-14,"2,510.00","2,540.00","2,500.00","2,510.00","2,126.33","49,966,500"
11-Nov-14,"2,565.00","2,585.00","2,520.00","2,565.00","2,172.92","63,908,500"
12-Nov-14,"2,575.00","2,590.00","2,535.00","2,575.00","2,181.39","45,788,000"
13-Nov-14,"2,575.00","2,590.00","2,545.00","2,575.00","2,181.39","35,376,500"
14-Nov-14,"2,585.00","2,600.00","2,565.00","2,585.00","2,189.86","58,056,000"
17-Nov-14,"2,585.00","2,610.00","2,580.00","2,580.00","2,185.63","39,718,000"
18-Nov-14,"2,620.00","2,630.00","2,595.00","2,620.00","2,219.51","68,719,500"
19-Nov-14,"2,670.00","2,680.00","2,635.00","2,670.00","2,261.87","146,475,500"
20-Nov-14,"2,650.00","2,670.00","2,645.00","2,650.00","2,244.93","71,286,000"
21-Nov-14,"2,665.00","2,680.00","2,630.00","2,665.00","2,257.63","52,218,500"
24-Nov-14,"2,655.00","2,705.00","2,645.00","2,655.00","2,249.16","77,269,000"
25-Nov-14,"2,650.00","2,665.00","2,650.00","2,650.00","2,244.93","83,678,500"
26-Nov-14,"2,645.00","2,665.00","2,645.00","2,645.00","2,240.69","30,011,000"
27-Nov-14,"2,620.00","2,665.00","2,610.00","2,620.00","2,219.51","76,328,500"
28-Nov-14,"2,620.00","2,635.00","2,605.00","2,620.00","2,219.51","40,601,500"
1-Dec-14,"2,640.00","2,640.00","2,610.00","2,615.00","2,215.28","66,768,000"
2-Dec-14,"2,615.00","2,660.00","2,615.00","2,640.00","2,236.46","87,585,500"
3-Dec-14,"2,645.00","2,670.00","2,620.00","2,650.00","2,244.93","56,958,500"
4-Dec-14,"2,670.00","2,680.00","2,650.00","2,650.00","2,244.93","52,848,000"
5-Dec-14,10.00 Dividend,,,,,
5-Dec-14,"2,660.00","2,685.00","2,655.00","2,670.00","2,270.44","66,586,500"
8-Dec-14,"2,655.00","2,680.00","2,645.00","2,655.00","2,257.68","37,435,500"
9-Dec-14,"2,660.00","2,680.00","2,630.00","2,650.00","2,253.43","38,254,000"
10-Dec-14,"2,630.00","2,675.00","2,630.00","2,660.00","2,261.93","32,998,000"
11-Dec-14,"2,660.00","2,675.00","2,645.00","2,655.00","2,257.68","54,459,500"
12-Dec-14,"2,640.00","2,665.00","2,640.00","2,650.00","2,253.43","50,302,000"
15-Dec-14,"2,600.00","2,620.00","2,575.00","2,610.00","2,219.42","94,633,000"
16-Dec-14,"2,590.00","2,640.00","2,565.00","2,570.00","2,185.40","70,763,000"
17-Dec-14,"2,600.00","2,610.00","2,570.00","2,570.00","2,185.40","51,464,000"
18-Dec-14,"2,600.00","2,610.00","2,585.00","2,595.00","2,206.66","52,271,000"
19-Dec-14,"2,630.00","2,650.00","2,620.00","2,635.00","2,240.68","83,389,500"
22-Dec-14,"2,650.00","2,650.00","2,615.00","2,615.00","2,223.67","33,301,000"
23-Dec-14,"2,640.00","2,640.00","2,625.00","2,630.00","2,236.42","21,132,000"
24-Dec-14,"2,650.00","2,655.00","2,635.00","2,640.00","2,244.93","19,135,500"
29-Dec-14,"2,630.00","2,650.00","2,625.00","2,630.00","2,236.42","24,315,000"
30-Dec-14,"2,615.00","2,640.00","2,615.00","2,625.00","2,232.17","32,338,500"
2-Jan-15,"2,655.00","2,655.00","2,630.00","2,645.00","2,249.18","29,302,500"
5-Jan-15,"2,630.00","2,640.00","2,625.00","2,640.00","2,244.93","25,434,500"
6-Jan-15,"2,600.00","2,640.00","2,600.00","2,620.00","2,227.92","48,681,500"
7-Jan-15,"2,610.00","2,640.00","2,610.00","2,625.00","2,232.17","40,334,000"
8-Jan-15,"2,625.00","2,630.00","2,595.00","2,595.00","2,206.66","54,457,000"
9-Jan-15,"2,605.00","2,615.00","2,585.00","2,585.00","2,198.16","108,957,500"
12-Jan-15,"2,585.00","2,600.00","2,560.00","2,600.00","2,210.91","81,651,000"
13-Jan-15,"2,610.00","2,610.00","2,595.00","2,600.00","2,210.91","36,024,000"
14-Jan-15,"2,605.00","2,605.00","2,585.00","2,585.00","2,198.16","29,728,000"
15-Jan-15,"2,590.00","2,610.00","2,590.00","2,590.00","2,202.41","27,580,500"
16-Jan-15,"2,605.00","2,605.00","2,590.00","2,590.00","2,202.41","46,354,500"
19-Jan-15,"2,595.00","2,605.00","2,595.00","2,600.00","2,210.91","26,134,500"
20-Jan-15,"2,595.00","2,610.00","2,585.00","2,605.00","2,215.16","36,285,500"
21-Jan-15,"2,610.00","2,640.00","2,605.00","2,615.00","2,223.67","73,258,000"
22-Jan-15,"2,610.00","2,645.00","2,610.00","2,640.00","2,244.93","58,654,000"
23-Jan-15,"2,645.00","2,680.00","2,645.00","2,665.00","2,266.19","121,011,000"
26-Jan-15,"2,665.00","2,680.00","2,605.00","2,630.00","2,236.42","103,089,000"
27-Jan-15,"2,630.00","2,645.00","2,625.00","2,640.00","2,244.93","49,988,500"
28-Jan-15,"2,635.00","2,665.00","2,630.00","2,655.00","2,257.68","48,230,000"
29-Jan-15,"2,650.00","2,665.00","2,640.00","2,665.00","2,266.19","41,599,500"
30-Jan-15,"2,680.00","2,685.00","2,665.00","2,675.00","2,274.69","94,142,500"
2-Feb-15,"2,670.00","2,675.00","2,650.00","2,670.00","2,270.44","38,816,500"
3-Feb-15,"2,675.00","2,700.00","2,670.00","2,700.00","2,295.95","67,046,500"
4-Feb-15,"2,705.00","2,800.00","2,695.00","2,780.00","2,363.98","136,306,000"
5-Feb-15,"2,780.00","2,785.00","2,675.00","2,740.00","2,329.96","83,923,500"
6-Feb-15,"2,755.00","2,760.00","2,730.00","2,740.00","2,329.96","54,060,500"
9-Feb-15,"2,700.00","2,780.00","2,700.00","2,760.00","2,346.97","68,609,000"
10-Feb-15,"2,775.00","2,780.00","2,730.00","2,750.00","2,338.46","50,540,500"
11-Feb-15,"2,755.00","2,785.00","2,740.00","2,785.00","2,368.23","46,471,500"
12-Feb-15,"2,785.00","2,790.00","2,770.00","2,780.00","2,363.98","58,455,500"
13-Feb-15,"2,800.00","2,850.00","2,795.00","2,805.00","2,385.23","90,653,500"
16-Feb-15,"2,810.00","2,835.00","2,800.00","2,800.00","2,380.98","30,501,000"
17-Feb-15,"2,800.00","2,825.00","2,800.00","2,815.00","2,393.74","47,945,000"
18-Feb-15,"2,840.00","2,910.00","2,800.00","2,815.00","2,393.74","57,782,000"
20-Feb-15,"2,860.00","2,865.00","2,810.00","2,810.00","2,389.49","25,162,000"
23-Feb-15,"2,815.00","2,845.00","2,795.00","2,805.00","2,385.23","55,871,500"
24-Feb-15,"2,810.00","2,815.00","2,785.00","2,810.00","2,389.49","46,482,000"
25-Feb-15,"2,800.00","2,835.00","2,800.00","2,820.00","2,397.99","39,573,000"
26-Feb-15,"2,795.00","2,835.00","2,795.00","2,815.00","2,393.74","63,400,500"
27-Feb-15,"2,800.00","2,830.00","2,800.00","2,820.00","2,397.99","91,257,500"
2-Mar-15,"2,830.00","2,860.00","2,820.00","2,845.00","2,419.25","105,783,500"
3-Mar-15,"2,870.00","2,915.00","2,865.00","2,880.00","2,449.01","100,166,000"
4-Mar-15,"2,900.00","2,915.00","2,875.00","2,885.00","2,453.26","61,321,500"
5-Mar-15,"2,900.00","2,930.00","2,895.00","2,900.00","2,466.02","63,347,500"
6-Mar-15,"2,900.00","2,935.00","2,900.00","2,920.00","2,483.02","84,722,000"
9-Mar-15,"2,880.00","2,895.00","2,820.00","2,875.00","2,444.76","75,837,500"
10-Mar-15,"2,880.00","2,905.00","2,850.00","2,885.00","2,453.26","56,405,500"
11-Mar-15,"2,850.00","2,875.00","2,845.00","2,855.00","2,427.75","86,270,500"
12-Mar-15,"2,845.00","2,855.00","2,830.00","2,840.00","2,415.00","57,496,500"
13-Mar-15,"2,840.00","2,855.00","2,810.00","2,820.00","2,397.99","79,901,500"
16-Mar-15,"2,805.00","2,865.00","2,805.00","2,830.00","2,406.49","60,353,500"
17-Mar-15,"2,855.00","2,860.00","2,820.00","2,820.00","2,397.99","50,729,500"
18-Mar-15,"2,820.00","2,850.00","2,820.00","2,845.00","2,419.25","52,346,500"
19-Mar-15,"2,860.00","2,870.00","2,835.00","2,850.00","2,423.50","58,573,500"
20-Mar-15,"2,835.00","2,895.00","2,835.00","2,865.00","2,436.26","104,343,000"
23-Mar-15,"2,880.00","2,910.00","2,880.00","2,890.00","2,457.51","44,297,500"
24-Mar-15,"2,910.00","2,935.00","2,900.00","2,910.00","2,474.52","64,996,000"
25-Mar-15,"2,910.00","2,950.00","2,900.00","2,925.00","2,487.28","36,811,000"
26-Mar-15,"2,900.00","2,945.00","2,895.00","2,905.00","2,470.27","71,972,500"
27-Mar-15,"2,895.00","2,905.00","2,875.00","2,890.00","2,457.51","69,993,000"
30-Mar-15,"2,890.00","2,930.00","2,890.00","2,900.00","2,466.02","50,985,500"
31-Mar-15,"2,960.00","2,965.00","2,935.00","2,965.00","2,521.29","85,598,000"
1-Apr-15,"2,975.00","2,985.00","2,955.00","2,965.00","2,521.29","42,093,500"
2-Apr-15,"2,985.00","2,985.00","2,945.00","2,960.00","2,517.04","42,424,000"
6-Apr-15,"2,960.00","3,090.00","2,955.00","3,035.00","2,580.81","71,232,500"
7-Apr-15,"3,095.00","3,120.00","3,055.00","3,060.00","2,602.07","58,844,000"
8-Apr-15,"3,015.00","3,030.00","2,980.00","3,005.00","2,555.30","86,916,000"
9-Apr-15,"3,015.00","3,040.00","2,990.00","3,015.00","2,563.81","68,708,000"
10-Apr-15,"3,040.00","3,045.00","2,990.00","3,010.00","2,559.56","56,706,000"
13-Apr-15,"3,005.00","3,015.00","2,995.00","3,005.00","2,555.30","41,635,500"
14-Apr-15,"3,000.00","3,025.00","2,985.00","2,990.00","2,542.55","80,112,500"
15-Apr-15,"2,980.00","2,990.00","2,930.00","2,950.00","2,508.54","108,377,000"
16-Apr-15,"2,960.00","2,985.00","2,935.00","2,980.00","2,534.05","93,601,500"
17-Apr-15,19.60 Dividend,,,,,
17-Apr-15,"2,980.00","2,980.00","2,950.00","2,950.00","2,525.14","129,331,500"
20-Apr-15,"2,940.00","2,980.00","2,925.00","2,940.00","2,516.58","57,051,500"
21-Apr-15,"2,945.00","3,000.00","2,940.00","2,980.00","2,550.82","101,934,500"
22-Apr-15,"2,990.00","2,990.00","2,965.00","2,975.00","2,546.54","80,424,500"
23-Apr-15,"2,990.00","3,000.00","2,975.00","2,980.00","2,550.82","45,916,500"
24-Apr-15,"2,980.00","3,000.00","2,970.00","2,980.00","2,550.82","51,549,000"
27-Apr-15,"2,960.00","2,970.00","2,805.00","2,840.00","2,430.99","214,693,500"
28-Apr-15,"2,820.00","2,840.00","2,780.00","2,810.00","2,405.31","145,994,000"
29-Apr-15,"2,800.00","2,800.00","2,640.00","2,700.00","2,311.15","289,103,500"
30-Apr-15,"2,660.00","2,740.00","2,580.00","2,695.00","2,306.87","201,869,500"
4-May-15,"2,695.00","2,770.00","2,690.00","2,745.00","2,349.67","87,705,000"
5-May-15,"2,750.00","2,785.00","2,735.00","2,770.00","2,371.07","90,141,500"
6-May-15,"2,750.00","2,755.00","2,715.00","2,740.00","2,345.39","150,119,000"
7-May-15,"2,720.00","2,755.00","2,715.00","2,740.00","2,345.39","55,087,000"
8-May-15,"2,750.00","2,775.00","2,735.00","2,755.00","2,358.23","56,698,000"
11-May-15,"2,760.00","2,765.00","2,725.00","2,740.00","2,345.39","67,537,000"
12-May-15,"2,725.00","2,765.00","2,720.00","2,745.00","2,349.67","54,424,500"
13-May-15,"2,730.00","2,760.00","2,730.00","2,745.00","2,349.67","68,930,000"
15-May-15,"2,745.00","2,755.00","2,680.00","2,705.00","2,315.43","102,469,000"
18-May-15,"2,720.00","2,725.00","2,705.00","2,720.00","2,328.27","43,827,000"
19-May-15,"2,725.00","2,770.00","2,710.00","2,730.00","2,336.83","52,107,000"
20-May-15,"2,755.00","2,805.00","2,740.00","2,775.00","2,375.35","58,482,500"
21-May-15,"2,790.00","2,875.00","2,780.00","2,825.00","2,418.15","63,650,000"
22-May-15,"2,850.00","2,900.00","2,820.00","2,870.00","2,456.67","63,902,500"
25-May-15,"2,870.00","2,875.00","2,850.00","2,860.00","2,448.11","39,425,000"
26-May-15,"2,840.00","2,900.00","2,830.00","2,870.00","2,456.67","117,738,500"
27-May-15,"2,870.00","2,880.00","2,850.00","2,850.00","2,439.55","79,384,000"
28-May-15,"2,820.00","2,850.00","2,810.00","2,830.00","2,422.43","36,940,000"
29-May-15,"2,845.00","2,860.00","2,815.00","2,825.00","2,418.15","111,287,500"
1-Jun-15,"2,800.00","2,825.00","2,790.00","2,825.00","2,418.15","24,317,000"
3-Jun-15,"2,800.00","2,805.00","2,695.00","2,720.00","2,328.27","159,175,000"
4-Jun-15,"2,700.00","2,750.00","2,700.00","2,725.00","2,332.55","58,319,500"
5-Jun-15,"2,690.00","2,740.00","2,690.00","2,730.00","2,336.83","48,272,000"
8-Jun-15,"2,700.00","2,720.00","2,680.00","2,715.00","2,323.99","86,888,000"
9-Jun-15,"2,680.00","2,705.00","2,610.00","2,660.00","2,276.91","131,941,500"
10-Jun-15,"2,660.00","2,720.00","2,610.00","2,665.00","2,281.19","82,218,000"
11-Jun-15,"2,680.00","2,695.00","2,630.00","2,670.00","2,285.47","64,210,500"
12-Jun-15,"2,635.00","2,660.00","2,625.00","2,650.00","2,268.35","77,427,500"
15-Jun-15,"2,660.00","2,665.00","2,645.00","2,660.00","2,276.91","44,849,000"
16-Jun-15,"2,655.00","2,695.00","2,630.00","2,670.00","2,285.47","67,394,000"
17-Jun-15,"2,700.00","2,765.00","2,690.00","2,745.00","2,349.67","69,230,000"
18-Jun-15,"2,740.00","2,740.00","2,700.00","2,725.00","2,332.55","29,546,500"
19-Jun-15,"2,725.00","2,765.00","2,725.00","2,740.00","2,345.39","70,895,500"
22-Jun-15,"2,740.00","2,760.00","2,730.00","2,745.00","2,349.67","36,878,000"
23-Jun-15,"2,745.00","2,750.00","2,735.00","2,735.00","2,341.11","41,165,500"
24-Jun-15,"2,730.00","2,755.00","2,725.00","2,725.00","2,332.55","58,809,500"
25-Jun-15,"2,725.00","2,740.00","2,670.00","2,695.00","2,306.87","82,101,000"
26-Jun-15,"2,690.00","2,750.00","2,660.00","2,710.00","2,319.71","65,003,500"
29-Jun-15,"2,680.00","2,710.00","2,665.00","2,700.00","2,311.15","50,187,000"
30-Jun-15,"2,725.00","2,750.00","2,700.00","2,700.00","2,311.15","69,145,000"
1-Jul-15,"2,720.00","2,730.00","2,700.00","2,700.00","2,311.15","35,987,500"
2-Jul-15,"2,695.00","2,745.00","2,670.00","2,720.00","2,328.27","54,548,500"
3-Jul-15,"2,700.00","2,730.00","2,700.00","2,725.00","2,332.55","22,845,500"
6-Jul-15,"2,715.00","2,730.00","2,700.00","2,720.00","2,328.27","45,003,000"
7-Jul-15,"2,705.00","2,725.00","2,640.00","2,640.00","2,259.79","64,968,500"
8-Jul-15,"2,680.00","2,690.00","2,620.00","2,665.00","2,281.19","74,970,000"
9-Jul-15,"2,630.00","2,650.00","2,610.00","2,650.00","2,268.35","58,611,000"
10-Jul-15,"2,650.00","2,680.00","2,650.00","2,660.00","2,276.91","42,836,500"
13-Jul-15,"2,660.00","2,710.00","2,660.00","2,700.00","2,311.15","53,040,500"
14-Jul-15,"2,710.00","2,730.00","2,700.00","2,720.00","2,328.27","41,833,500"
15-Jul-15,"2,695.00","2,700.00","2,680.00","2,700.00","2,311.15","61,445,000"
22-Jul-15,"2,715.00","2,715.00","2,655.00","2,710.00","2,319.71","89,975,500"
23-Jul-15,"2,720.00","2,780.00","2,705.00","2,750.00","2,353.95","37,129,500"
24-Jul-15,"2,755.00","2,755.00","2,720.00","2,745.00","2,349.67","19,026,000"
27-Jul-15,"2,700.00","2,705.00","2,640.00","2,690.00","2,302.59","64,015,500"
28-Jul-15,"2,640.00","2,645.00","2,580.00","2,600.00","2,225.55","112,963,500"
29-Jul-15,"2,600.00","2,630.00","2,530.00","2,570.00","2,199.87","81,937,500"
30-Jul-15,"2,575.00","2,625.00","2,560.00","2,560.00","2,191.31","46,801,000"
31-Jul-15,"2,590.00","2,630.00","2,570.00","2,620.00","2,242.67","115,876,500"
3-Aug-15,"2,585.00","2,650.00","2,585.00","2,650.00","2,268.35","61,213,000"
4-Aug-15,"2,660.00","2,680.00","2,625.00","2,660.00","2,276.91","44,712,500"
5-Aug-15,"2,660.00","2,770.00","2,645.00","2,740.00","2,345.39","73,984,500"
6-Aug-15,"2,740.00","2,780.00","2,740.00","2,760.00","2,362.51","66,426,000"
7-Aug-15,"2,740.00","2,760.00","2,715.00","2,750.00","2,353.95","27,262,000"
10-Aug-15,"2,730.00","2,770.00","2,715.00","2,770.00","2,371.07","25,633,500"
11-Aug-15,"2,770.00","2,780.00","2,670.00","2,710.00","2,319.71","52,619,000"
12-Aug-15,"2,640.00","2,650.00","2,595.00","2,630.00","2,251.23","148,795,000"
13-Aug-15,"2,570.00","2,645.00","2,570.00","2,640.00","2,259.79","102,339,000"
14-Aug-15,"2,650.00","2,655.00","2,635.00","2,650.00","2,268.35","31,860,000"
18-Aug-15,"2,650.00","2,665.00","2,585.00","2,595.00","2,221.27","102,204,500"
19-Aug-15,"2,570.00","2,590.00","2,530.00","2,540.00","2,174.19","82,035,000"
20-Aug-15,"2,540.00","2,540.00","2,450.00","2,455.00","2,101.43","127,105,500"
21-Aug-15,"2,420.00","2,440.00","2,370.00","2,375.00","2,032.95","109,838,000"
24-Aug-15,"2,280.00","2,370.00","2,200.00","2,260.00","1,934.52","173,094,000"
25-Aug-15,"2,300.00","2,395.00","2,280.00","2,325.00","1,990.16","184,156,000"
26-Aug-15,"2,370.00","2,380.00","2,305.00","2,370.00","2,028.67","104,006,500"
27-Aug-15,"2,430.00","2,550.00","2,430.00","2,520.00","2,157.07","113,488,500"
28-Aug-15,"2,570.00","2,580.00","2,550.00","2,570.00","2,199.87","108,531,000"
31-Aug-15,"2,570.00","2,580.00","2,545.00","2,580.00","2,208.43","98,327,000"
1-Sep-15,"2,570.00","2,570.00","2,500.00","2,515.00","2,152.79","51,436,500"
2-Sep-15,"2,440.00","2,490.00","2,440.00","2,455.00","2,101.43","106,837,000"
3-Sep-15,"2,485.00","2,490.00","2,450.00","2,460.00","2,105.71","44,130,500"
4-Sep-15,"2,455.00","2,455.00","2,435.00","2,450.00","2,097.15","50,424,000"
7-Sep-15,"2,440.00","2,440.00","2,385.00","2,385.00","2,041.51","35,620,000"
8-Sep-15,"2,365.00","2,400.00","2,350.00","2,360.00","2,020.12","66,183,500"
9-Sep-15,"2,380.00","2,405.00","2,380.00","2,385.00","2,041.51","53,327,500"
10-Sep-15,"2,370.00","2,405.00","2,355.00","2,385.00","2,041.51","63,130,500"
11-Sep-15,"2,400.00","2,400.00","2,380.00","2,385.00","2,041.51","45,032,500"
14-Sep-15,"2,400.00","2,425.00","2,385.00","2,420.00","2,071.47","35,836,000"
15-Sep-15,"2,400.00","2,420.00","2,365.00","2,390.00","2,045.79","38,335,000"
16-Sep-15,"2,380.00","2,385.00","2,360.00","2,370.00","2,028.67","66,782,000"
17-Sep-15,"2,390.00","2,445.00","2,385.00","2,445.00","2,092.87","57,698,000"
18-Sep-15,"2,420.00","2,455.00","2,410.00","2,455.00","2,101.43","99,438,000"
21-Sep-15,"2,420.00","2,445.00","2,405.00","2,435.00","2,084.31","47,211,000"
22-Sep-15,"2,410.00","2,440.00","2,410.00","2,430.00","2,080.03","58,871,000"
23-Sep-15,"2,385.00","2,400.00","2,370.00","2,375.00","2,032.95","90,731,500"
25-Sep-15,"2,385.00","2,395.00","2,345.00","2,360.00","2,020.12","71,245,500"
28-Sep-15,"2,350.00","2,350.00","2,290.00","2,295.00","1,964.48","49,442,500"
29-Sep-15,"2,275.00","2,395.00","2,260.00","2,380.00","2,037.23","68,056,000"
30-Sep-15,"2,400.00","2,490.00","2,380.00","2,455.00","2,101.43","91,292,000"
1-Oct-15,"2,460.00","2,500.00","2,400.00","2,400.00","2,054.35","49,868,500"
2-Oct-15,"2,400.00","2,470.00","2,375.00","2,375.00","2,032.95","43,348,000"
5-Oct-15,"2,460.00","2,560.00","2,435.00","2,510.00","2,148.51","110,755,500"
6-Oct-15,"2,520.00","2,615.00","2,520.00","2,590.00","2,216.99","141,434,500"
7-Oct-15,"2,600.00","2,640.00","2,590.00","2,600.00","2,225.55","121,875,500"
8-Oct-15,"2,620.00","2,670.00","2,605.00","2,620.00","2,242.67","80,631,000"
9-Oct-15,"2,665.00","2,685.00","2,640.00","2,640.00","2,259.79","148,204,000"
12-Oct-15,"2,650.00","2,720.00","2,650.00","2,675.00","2,289.75","154,913,500"
13-Oct-15,"2,680.00","2,680.00","2,585.00","2,590.00","2,216.99","86,162,000"
15-Oct-15,"2,600.00","2,630.00","2,585.00","2,595.00","2,221.27","112,243,500"
16-Oct-15,"2,600.00","2,600.00","2,550.00","2,560.00","2,191.31","80,741,500"
19-Oct-15,"2,560.00","2,655.00","2,560.00","2,625.00","2,246.95","75,688,000"
20-Oct-15,"2,655.00","2,660.00","2,630.00","2,640.00","2,259.79","76,519,500"
21-Oct-15,"2,660.00","2,700.00","2,660.00","2,665.00","2,281.19","48,500,500"
22-Oct-15,"2,690.00","2,700.00","2,670.00","2,680.00","2,294.03","41,297,500"
23-Oct-15,"2,755.00","2,755.00","2,685.00","2,695.00","2,306.87","54,593,500"
26-Oct-15,"2,730.00","2,745.00","2,715.00","2,730.00","2,336.83","72,511,000"
27-Oct-15,"2,710.00","2,740.00","2,690.00","2,730.00","2,336.83","41,899,000"
28-Oct-15,"2,685.00","2,745.00","2,685.00","2,715.00","2,323.99","51,959,500"
29-Oct-15,"2,725.00","2,745.00","2,600.00","2,630.00","2,251.23","73,029,000"
30-Oct-15,"2,650.00","2,650.00","2,580.00","2,580.00","2,208.43","66,730,000"
2-Nov-15,"2,560.00","2,580.00","2,535.00","2,555.00","2,187.03","85,304,000"
3-Nov-15,"2,580.00","2,645.00","2,580.00","2,630.00","2,251.23","61,280,000"
4-Nov-15,"2,650.00","2,725.00","2,650.00","2,685.00","2,298.31","81,950,500"
5-Nov-15,"2,700.00","2,745.00","2,665.00","2,710.00","2,319.71","58,454,500"
6-Nov-15,"2,750.00","2,750.00","2,690.00","2,710.00","2,319.71","28,853,500"
9-Nov-15,"2,700.00","2,700.00","2,605.00","2,625.00","2,246.95","37,358,000"
10-Nov-15,"2,600.00","2,650.00","2,585.00","2,585.00","2,212.71","68,137,000"
11-Nov-15,"2,590.00","2,625.00","2,585.00","2,595.00","2,221.27","43,298,000"
12-Nov-15,"2,595.00","2,660.00","2,595.00","2,595.00","2,221.27","26,996,500"
13-Nov-15,11.00 Dividend,,,,,
13-Nov-15,"2,580.00","2,605.00","2,580.00","2,585.00","2,222.13","39,106,500"
16-Nov-15,"2,570.00","2,580.00","2,530.00","2,580.00","2,217.83","36,399,000"
17-Nov-15,"2,620.00","2,660.00","2,620.00","2,625.00","2,256.51","77,918,000"
18-Nov-15,"2,625.00","2,665.00","2,610.00","2,615.00","2,247.92","34,843,500"
19-Nov-15,"2,620.00","2,645.00","2,590.00","2,590.00","2,226.43","85,414,000"
20-Nov-15,"2,590.00","2,640.00","2,580.00","2,630.00","2,260.81","51,167,500"
23-Nov-15,"2,650.00","2,665.00","2,635.00","2,660.00","2,286.60","52,341,000"
24-Nov-15,"2,650.00","2,715.00","2,650.00","2,695.00","2,316.69","94,665,500"
25-Nov-15,"2,695.00","2,725.00","2,690.00","2,700.00","2,320.99","51,458,500"
26-Nov-15,"2,720.00","2,745.00","2,700.00","2,705.00","2,325.29","84,898,500"
27-Nov-15,"2,720.00","2,720.00","2,620.00","2,630.00","2,260.81","23,257,500"
30-Nov-15,"2,620.00","2,625.00","2,475.00","2,475.00","2,127.57","356,188,000"
1-Dec-15,"2,540.00","2,665.00","2,540.00","2,650.00","2,278.01","144,760,000"
2-Dec-15,"2,655.00","2,690.00","2,620.00","2,660.00","2,286.60","69,710,500"
3-Dec-15,"2,640.00","2,670.00","2,625.00","2,660.00","2,286.60","38,554,500"
4-Dec-15,"2,660.00","2,660.00","2,620.00","2,625.00","2,256.51","45,929,500"
7-Dec-15,"2,640.00","2,670.00","2,635.00","2,645.00","2,273.71","49,197,000"
8-Dec-15,"2,615.00","2,670.00","2,600.00","2,605.00","2,239.32","52,757,500"
9-Dec-15,"2,605.00","2,605.00","2,605.00","2,605.00","2,239.32",-
10-Dec-15,"2,580.00","2,700.00","2,580.00","2,700.00","2,320.99","76,059,500"
11-Dec-15,"2,690.00","2,690.00","2,605.00","2,640.00","2,269.41","59,727,500"
14-Dec-15,"2,600.00","2,640.00","2,590.00","2,640.00","2,269.41","47,580,500"
15-Dec-15,"2,610.00","2,640.00","2,610.00","2,620.00","2,252.22","47,291,500"
16-Dec-15,"2,675.00","2,710.00","2,655.00","2,695.00","2,316.69","70,100,000"
17-Dec-15,"2,760.00","2,760.00","2,715.00","2,720.00","2,338.18","114,667,500"
18-Dec-15,"2,690.00","2,700.00","2,645.00","2,645.00","2,273.71","90,887,000"
21-Dec-15,"2,630.00","2,675.00","2,630.00","2,635.00","2,265.11","34,568,000"
22-Dec-15,"2,640.00","2,660.00","2,635.00","2,640.00","2,269.41","61,600,500"
23-Dec-15,"2,630.00","2,660.00","2,625.00","2,635.00","2,265.11","45,442,000"
28-Dec-15,"2,620.00","2,680.00","2,620.00","2,665.00","2,290.90","65,440,500"
29-Dec-15,"2,640.00","2,680.00","2,640.00","2,650.00","2,278.01","57,153,500"
30-Dec-15,"2,650.00","2,740.00","2,650.00","2,660.00","2,286.60","72,863,000"
